Brand,Date,Count
Sulwhasoo,01-02-2021,24
Sulwhasoo,01-03-2021,23
Sulwhasoo,01-04-2021,24
Sulwhasoo,01-05-2021,24
Sulwhasoo,01-06-2021,28
Sulwhasoo,01-07-2021,20
Sulwhasoo,01-08-2021,29
Sulwhasoo,01-09-2021,28
Sulwhasoo,01-10-2021,21
Sulwhasoo,01-11-2021,15
Sulwhasoo,01-12-2021,27
Sulwhasoo,01-01-2022,37
Sulwhasoo,01-02-2022,21
Sulwhasoo,01-03-2022,40
Sulwhasoo,01-04-2022,36
Sulwhasoo,01-05-2022,30
Sulwhasoo,01-06-2022,34
Sulwhasoo,01-07-2022,19
Sulwhasoo,01-08-2022,28
Sulwhasoo,01-09-2022,37
Sulwhasoo,01-10-2022,29
Sulwhasoo,01-11-2022,26
Sulwhasoo,01-12-2022,44
Sulwhasoo,01-01-2023,36
Sulwhasoo,01-02-2023,26
Sulwhasoo,01-03-2023,50
Sulwhasoo,01-04-2023,38
Sulwhasoo,01-05-2023,37
Sulwhasoo,01-06-2023,34
Sulwhasoo,01-07-2023,43
Sulwhasoo,01-08-2023,41
Sulwhasoo,01-09-2023,40
Sulwhasoo,01-10-2023,27
Sulwhasoo,01-11-2023,41
Sulwhasoo,01-12-2023,57
Sulwhasoo,01-01-2024,30
Sulwhasoo,01-02-2024,35
Sulwhasoo,01-03-2024,32
Sulwhasoo,01-04-2024,100
Sulwhasoo,01-05-2024,37
Sulwhasoo,01-06-2024,31
Sulwhasoo,01-07-2024,40
Sulwhasoo,01-08-2024,36
Sulwhasoo,01-09-2024,36
Sulwhasoo,01-10-2024,36
Sulwhasoo,01-11-2024,39
Sulwhasoo,01-12-2024,42
Sulwhasoo,01-01-2025,37
Sulwhasoo,01-02-2025,61
Sulwhasoo,01-03-2025,43
Sulwhasoo,01-04-2025,52
Sulwhasoo,01-05-2025,42
Sulwhasoo,01-06-2025,41
Sulwhasoo,01-07-2025,33
Sulwhasoo,01-08-2025,39
Sulwhasoo,01-09-2025,35
Sulwhasoo,01-10-2025,43
Sulwhasoo,01-11-2025,69
Sulwhasoo,01-12-2025,73
Sulwhasoo,01-01-2026,54
Sulwhasoo,01-02-2026,37
